{"cameraMode":{"drawMode":0,"name":"Shaded","section":"Shading Mode"},"sceneLighting":false,"audioPlay":false,"sceneViewState":{"m_AlwaysRefresh":false,"showFog":false,"showSkybox":false,"showFlares":false,"showImageEffects":false,"showParticleSystems":false,"showVisualEffectGraphs":true,"m_FxEnabled":true},"in2DMode":false,"pivot":{"x":0.0003371238708496094,"y":1.3031713962554932,"z":-2.086162567138672e-7},"rotation":{"x":0.1499563306570053,"y":0.4394519627094269,"z":-0.07467466592788696,"w":0.882540225982666},"size":1.8570095300674439,"orthographic":false}