{"cameraMode":{"drawMode":0,"name":"Shaded","section":"Shading Mode"},"sceneLighting":false,"audioPlay":false,"sceneViewState":{"m_AlwaysRefresh":false,"showFog":true,"showSkybox":false,"showFlares":true,"showImageEffects":true,"showParticleSystems":true,"showVisualEffectGraphs":true,"m_FxEnabled":true},"in2DMode":false,"pivot":{"x":-1.9306926727294922,"y":0.0003370046615600586,"z":-2.086162567138672e-7},"rotation":{"x":0.07639242708683014,"y":0.09407885372638703,"z":-0.007242084015160799,"w":0.992620050907135},"size":3.755561590194702,"orthographic":false}