{"cameraMode":{"drawMode":0,"name":"Shaded","section":"Shading Mode"},"sceneLighting":false,"audioPlay":false,"sceneViewState":{"showFog":false,"showMaterialUpdate":true,"showSkybox":false,"showFlares":true,"showImageEffects":true,"showParticleSystems":true},"in2DMode":false,"pivot":{"x":-3.949451446533203,"y":-0.7769920229911804,"z":9.642082214355469},"rotation":{"x":-0.12131867557764054,"y":0.055652767419815066,"z":-0.0068132043816149239,"w":-0.9910374283790588},"size":20.04014015197754,"orthographic":false}